epoch,loss,mape_avg_metric,mape_p50_metric,mape_p90_metric,mape_p95_metric,mape_p99_metric,r2_avg_metric,r2_p50_metric,r2_p90_metric,r2_p95_metric,r2_p99_metric,val_loss,val_mape_avg_metric,val_mape_p50_metric,val_mape_p90_metric,val_mape_p95_metric,val_mape_p99_metric,val_r2_avg_metric,val_r2_p50_metric,val_r2_p90_metric,val_r2_p95_metric,val_r2_p99_metric
0,89.1980972290039,78.16356658935547,83.42192840576172,93.46183776855469,94.21820068359375,97.59310150146484,-7.828773498535156,-6.523905277252197,-11.38895320892334,-11.890705108642578,-12.164474487304688,64.4769515991211,33.59968185424805,45.78473663330078,77.21172332763672,79.89713287353516,90.0730972290039,-1.2132034301757812,-1.77790367603302,-7.38136100769043,-8.182839393615723,-10.018465042114258
1,43.24053192138672,28.265899658203125,31.96666717529297,44.598018646240234,48.734256744384766,67.42193603515625,-0.4625352919101715,-0.4050142467021942,-2.8110105991363525,-3.439450263977051,-6.07459020614624,30.232868194580078,26.45707130432129,30.545791625976562,27.603925704956055,28.637685775756836,44.55500411987305,-0.364089697599411,-0.3353871703147888,-0.4522172808647156,-0.6056395173072815,-2.3233771324157715
2,27.375225067138672,26.07059097290039,30.00478172302246,27.335657119750977,27.803495407104492,32.77178955078125,-0.3667781949043274,-0.3134865164756775,-0.39666444063186646,-0.40983694791793823,-0.8521729111671448,27.266803741455078,26.463699340820312,30.590011596679688,27.59410285949707,28.02430534362793,30.04769515991211,-0.41431674361228943,-0.36069029569625854,-0.443683385848999,-0.4502106308937073,-0.48336467146873474
3,26.738269805908203,26.06838607788086,30.116342544555664,27.219778060913086,27.689926147460938,29.643667221069336,-0.3744242489337921,-0.31204450130462646,-0.4177829921245575,-0.42297589778900146,-0.41836240887641907,27.259937286376953,26.456480026245117,30.610172271728516,27.605619430541992,28.034852981567383,29.977060317993164,-0.41199204325675964,-0.367142915725708,-0.4533178508281708,-0.4641079306602478,-0.4505203664302826
4,26.693084716796875,25.974882125854492,29.945369720458984,27.110239028930664,27.557321548461914,29.467132568359375,-0.38518041372299194,-0.32593443989753723,-0.4280993342399597,-0.43223053216934204,-0.4173593521118164,27.297571182250977,26.413223266601562,30.54563331604004,27.610021591186523,28.045785903930664,29.98311996459961,-0.37732675671577454,-0.3349960148334503,-0.42072272300720215,-0.4321620464324951,-0.42352011799812317
5,26.763532638549805,26.021259307861328,29.883495330810547,27.2700252532959,27.777393341064453,29.858488082885742,-0.3736838102340698,-0.3170374035835266,-0.41760411858558655,-0.4225139319896698,-0.4096982777118683,27.260265350341797,26.408763885498047,30.545019149780273,27.59148406982422,28.02435302734375,29.97051239013672,-0.3842564821243286,-0.3310445547103882,-0.4376569986343384,-0.45094722509384155,-0.441435843706131
6,26.659379959106445,26.09564781188965,30.043537139892578,27.339017868041992,27.817659378051758,29.807403564453125,-0.37541964650154114,-0.3157743513584137,-0.415353000164032,-0.4194963872432709,-0.40549370646476746,27.251192092895508,26.427051544189453,30.561595916748047,27.60050392150879,28.031028747558594,29.974117279052734,-0.40051427483558655,-0.3488882780075073,-0.4498479962348938,-0.4611489772796631,-0.4475918412208557
7,25.967979431152344,25.26007843017578,29.54907989501953,26.31923484802246,26.781455993652344,28.735366821289062,-0.31407657265663147,-0.26933392882347107,-0.3599907457828522,-0.36797991394996643,-0.3646569550037384,23.156557083129883,22.57028579711914,27.276988983154297,23.512285232543945,23.923776626586914,25.874340057373047,-0.06812068819999695,-0.07441744953393936,-0.09283699840307236,-0.10466672480106354,-0.12766538560390472
8,19.536041259765625,18.549175262451172,23.085744857788086,19.693347930908203,20.2049617767334,22.40542984008789,0.15478789806365967,0.10079483687877655,0.1488136500120163,0.14365214109420776,0.1073051393032074,19.07221794128418,17.971668243408203,22.443309783935547,19.141307830810547,19.670780181884766,21.6314697265625,0.21181106567382812,0.1458074301481247,0.22081424295902252,0.21455323696136475,0.19622643291950226
9,17.64229965209961,16.607032775878906,21.213058471679688,17.804733276367188,18.303607940673828,20.33122444152832,0.2881389260292053,0.20793366432189941,0.29717037081718445,0.2926218509674072,0.2642914950847626,17.744985580444336,16.6748046875,21.16331672668457,17.94481086730957,18.425554275512695,20.407957077026367,0.22956310212612152,0.14865179359912872,0.24612215161323547,0.24475041031837463,0.22628436982631683
10,17.054359436035156,15.90857219696045,20.369585037231445,17.094457626342773,17.546024322509766,19.43538475036621,0.31037667393684387,0.22398357093334198,0.3292014002799988,0.32768601179122925,0.3056347668170929,16.83495330810547,15.708840370178223,20.059768676757812,17.078445434570312,17.60881805419922,19.555131912231445,0.3115573227405548,0.2283114641904831,0.32841289043426514,0.3215048611164093,0.30008986592292786
11,16.583580017089844,15.483484268188477,19.944852828979492,16.656269073486328,17.10447120666504,19.01612091064453,0.3392210304737091,0.25004738569259644,0.3611416220664978,0.359042763710022,0.33416271209716797,18.136911392211914,17.007217407226562,21.342639923095703,18.117258071899414,18.5191707611084,20.189077377319336,0.3408854305744171,0.2685827314853668,0.3702995181083679,0.36727607250213623,0.3574344217777252
12,16.31800079345703,15.227127075195312,19.642498016357422,16.339008331298828,16.756345748901367,18.582326889038086,0.3498880863189697,0.2572289705276489,0.37644410133361816,0.37645068764686584,0.3556380271911621,17.821449279785156,16.671005249023438,20.84572982788086,17.823976516723633,18.29277229309082,19.995603561401367,0.3612416982650757,0.2882212996482849,0.38884997367858887,0.38291242718696594,0.3691970109939575
13,16.313867568969727,15.273298263549805,19.650136947631836,16.407764434814453,16.804672241210938,18.578718185424805,0.34672096371650696,0.2528466582298279,0.3745611310005188,0.37599480152130127,0.3580993711948395,15.941651344299316,14.866090774536133,19.317710876464844,16.016761779785156,16.436141967773438,18.231203079223633,0.3498878479003906,0.25121375918388367,0.3823922872543335,0.3784199059009552,0.3558020293712616
14,16.09590721130371,14.98414134979248,19.388708114624023,16.043107986450195,16.420841217041016,18.193513870239258,0.3546633720397949,0.2616361379623413,0.3851050138473511,0.3860585689544678,0.36508509516716003,15.671794891357422,14.685561180114746,18.96255874633789,15.783308982849121,16.109832763671875,17.714506149291992,0.37383732199668884,0.2805503010749817,0.4118635952472687,0.411589115858078,0.39519569277763367
15,15.854990005493164,14.850715637207031,19.185466766357422,15.953128814697266,16.328876495361328,18.062698364257812,0.3721463680267334,0.27482497692108154,0.40359628200531006,0.4051212966442108,0.3883085250854492,16.451759338378906,15.520452499389648,19.624130249023438,16.51665496826172,16.931751251220703,18.64801597595215,0.28282132744789124,0.19828316569328308,0.31808871030807495,0.3120582699775696,0.29054558277130127
16,15.416354179382324,14.351456642150879,18.736230850219727,15.137439727783203,15.393187522888184,16.910858154296875,0.3752545416355133,0.27639898657798767,0.4112754464149475,0.4148103892803192,0.3989841639995575,16.167438507080078,15.309025764465332,19.299575805664062,16.408451080322266,16.828256607055664,18.459665298461914,0.39801982045173645,0.3209177255630493,0.43316444754600525,0.4258272349834442,0.40505334734916687
17,15.27235221862793,14.511648178100586,18.739925384521484,15.527410507202148,15.88051986694336,17.563461303710938,0.37701162695884705,0.2744140326976776,0.42064401507377625,0.42584967613220215,0.41115880012512207,15.349956512451172,14.407848358154297,18.66988182067871,15.401785850524902,15.72877025604248,17.31007957458496,0.4037398099899292,0.3105801045894623,0.44988733530044556,0.45044922828674316,0.4342072308063507
18,15.489089012145996,14.474624633789062,18.913970947265625,15.287813186645508,15.553422927856445,17.06588363647461,0.36292383074760437,0.2621716260910034,0.4075622260570526,0.4124046266078949,0.40047627687454224,15.165176391601562,14.45120906829834,18.66943359375,15.26754093170166,15.452654838562012,16.712182998657227,0.3696326017379761,0.26750579476356506,0.4268747866153717,0.43119558691978455,0.4275985658168793
19,15.365500450134277,14.481232643127441,18.836448669433594,15.21069622039795,15.448403358459473,16.889598846435547,0.3614642918109894,0.2592329680919647,0.4082333743572235,0.41459381580352783,0.4029931426048279,15.466619491577148,14.726283073425293,19.128236770629883,15.545910835266113,15.871552467346191,17.35542869567871,0.3541008532047272,0.258234441280365,0.4006063938140869,0.40138670802116394,0.3915376365184784
20,15.281970024108887,14.563372611999512,18.963857650756836,15.334671974182129,15.58935546875,17.087053298950195,0.36593374609947205,0.26291871070861816,0.41392776370048523,0.42068368196487427,0.409543514251709,15.350373268127441,14.50261116027832,18.496274948120117,15.44893741607666,15.748661994934082,17.31212615966797,0.33793455362319946,0.24262648820877075,0.3755902051925659,0.37237459421157837,0.3521280586719513
21,14.944233894348145,14.15624713897705,18.483139038085938,14.855918884277344,15.074522972106934,16.521259307861328,0.3733676075935364,0.27074581384658813,0.42171743512153625,0.42868828773498535,0.41911208629608154,14.926685333251953,14.368938446044922,18.666744232177734,15.002495765686035,15.187300682067871,16.35213279724121,0.3439571261405945,0.2465781569480896,0.40520375967025757,0.4110415279865265,0.4126764237880707
22,15.087621688842773,14.231781959533691,18.670713424682617,14.908456802368164,15.107649803161621,16.47582244873047,0.3716142177581787,0.26503124833106995,0.42505812644958496,0.43365171551704407,0.42413222789764404,15.308496475219727,14.597841262817383,18.15973472595215,15.489057540893555,15.688004493713379,16.974775314331055,0.3563835322856903,0.2592127025127411,0.4037325084209442,0.40270259976387024,0.393110454082489
23,14.631206512451172,13.871615409851074,18.25058937072754,14.513068199157715,14.691232681274414,16.05014991760254,0.37851962447166443,0.2730371356010437,0.4334413409233093,0.44220027327537537,0.43378159403800964,14.581522941589355,13.961895942687988,18.288230895996094,14.536856651306152,14.714686393737793,15.910792350769043,0.3601152300834656,0.24732179939746857,0.42186811566352844,0.4248828887939453,0.4194197356700897
24,14.676393508911133,13.959939956665039,18.42141342163086,14.548396110534668,14.723134994506836,16.079465866088867,0.37742263078689575,0.26913535594940186,0.4358147382736206,0.4448995590209961,0.43430018424987793,14.816950798034668,13.938199996948242,17.515953063964844,15.057463645935059,15.403623580932617,17.110244750976562,0.3849717378616333,0.29192546010017395,0.42148399353027344,0.4155178666114807,0.3895259201526642
25,14.54979419708252,13.827438354492188,18.254268646240234,14.377680778503418,14.521474838256836,15.836135864257812,0.37601238489151,0.2682398557662964,0.4336530268192291,0.4432947635650635,0.4357747435569763,14.418405532836914,13.93459415435791,18.149925231933594,14.405173301696777,14.463509559631348,15.404658317565918,0.36112913489341736,0.25218912959098816,0.4276311993598938,0.4364188015460968,0.43943363428115845
26,14.436067581176758,13.718791961669922,18.113779067993164,14.205942153930664,14.315969467163086,15.574054718017578,0.37740620970726013,0.2664111852645874,0.44011151790618896,0.4512818455696106,0.4429157078266144,14.287454605102539,13.892906188964844,18.217496871948242,14.122515678405762,14.124873161315918,14.957744598388672,0.3480736017227173,0.24469155073165894,0.420256644487381,0.42901313304901123,0.43299928307533264
27,14.346906661987305,13.707406997680664,18.144304275512695,14.1908540725708,14.307242393493652,15.559867858886719,0.37858763337135315,0.26801472902297974,0.440856009721756,0.45023852586746216,0.4395540654659271,14.139838218688965,13.625798225402832,18.158384323120117,13.911158561706543,13.959644317626953,15.022357940673828,0.37677696347236633,0.27336814999580383,0.45082077383995056,0.4600920081138611,0.4574575424194336
28,14.263248443603516,13.580523490905762,17.93859100341797,13.957839012145996,14.029759407043457,15.236767768859863,0.3712767958641052,0.260532021522522,0.43807902932167053,0.4499051868915558,0.4416395127773285,14.297983169555664,13.752593040466309,17.873037338256836,14.176304817199707,14.233692169189453,15.32520580291748,0.39361894130706787,0.29166191816329956,0.4587004482746124,0.46157917380332947,0.44712644815444946
29,14.330241203308105,13.64090347290039,18.05607032775879,13.97330093383789,14.034278869628906,15.194792747497559,0.37375977635383606,0.2618929147720337,0.4416097402572632,0.45390334725379944,0.4444480836391449,13.908583641052246,13.305524826049805,17.68477439880371,13.771592140197754,13.878318786621094,15.159438133239746,0.39268943667411804,0.2871508002281189,0.4599652886390686,0.466508686542511,0.4520268738269806
30,14.205633163452148,13.624153137207031,18.15610122680664,13.956473350524902,14.00772762298584,15.168004035949707,0.3765934705734253,0.26333391666412354,0.44409045577049255,0.4562591016292572,0.4470624029636383,14.204054832458496,13.62044906616211,18.48727035522461,13.820574760437012,13.934478759765625,15.17905044555664,0.35699132084846497,0.24062547087669373,0.43608248233795166,0.44473063945770264,0.433525025844574
31,13.988719940185547,13.320245742797852,17.70237922668457,13.622586250305176,13.667223930358887,14.812440872192383,0.37600332498550415,0.26213663816452026,0.4478248953819275,0.4622504711151123,0.45758992433547974,13.798039436340332,13.199432373046875,17.628725051879883,13.579864501953125,13.645258903503418,14.784276008605957,0.37842777371406555,0.2714051604270935,0.44341328740119934,0.44935715198516846,0.4384952783584595
32,14.290606498718262,13.768509864807129,18.22311019897461,14.062630653381348,14.088021278381348,15.185979843139648,0.3657785654067993,0.25326961278915405,0.4360105097293854,0.4493212103843689,0.4427874684333801,14.084539413452148,13.802021980285645,17.76213264465332,13.961594581604004,13.872011184692383,14.620881080627441,0.3136206865310669,0.2130085676908493,0.39264291524887085,0.4070541262626648,0.4146466851234436
33,13.951925277709961,13.38276481628418,17.76127815246582,13.668889045715332,13.698979377746582,14.846014022827148,0.3793289363384247,0.2666870951652527,0.4542749524116516,0.46787816286087036,0.4582236409187317,14.030040740966797,13.613122940063477,17.920591354370117,13.73705005645752,13.746557235717773,14.788865089416504,0.38536375761032104,0.2830761969089508,0.4628819227218628,0.4707513153553009,0.4593146741390228
34,13.634830474853516,13.043330192565918,17.43157386779785,13.264233589172363,13.273688316345215,14.402973175048828,0.3887503147125244,0.2720591127872467,0.46375688910484314,0.4767274856567383,0.4663885533809662,13.75331974029541,13.16353988647461,17.431516647338867,13.535514831542969,13.577081680297852,14.834643363952637,0.39393413066864014,0.29062095284461975,0.46065306663513184,0.4692312180995941,0.4557493329048157
35,13.822105407714844,13.258563995361328,17.64750862121582,13.471606254577637,13.463419914245605,14.59615421295166,0.3714468777179718,0.26039403676986694,0.4472021758556366,0.4611808657646179,0.449627161026001,13.522116661071777,13.066788673400879,17.039663314819336,13.324338912963867,13.38618278503418,14.604814529418945,0.4066307544708252,0.29961854219436646,0.4801032543182373,0.48676973581314087,0.469115287065506
36,13.684415817260742,13.186739921569824,17.224512100219727,13.364992141723633,13.362879753112793,14.51604175567627,0.3904349207878113,0.28199946880340576,0.46310609579086304,0.4767954349517822,0.4645649790763855,13.720232963562012,13.056675910949707,16.768510818481445,13.41640567779541,13.604925155639648,15.295381546020508,0.4126802682876587,0.3150775730609894,0.47579696774482727,0.4776282012462616,0.443188339471817
37,13.512908935546875,13.171550750732422,16.832382202148438,13.193822860717773,13.132713317871094,14.24047565460205,0.38411974906921387,0.2847830653190613,0.4689345061779022,0.48797428607940674,0.47972652316093445,13.469406127929688,13.40163803100586,16.528921127319336,13.385623931884766,13.373444557189941,14.532245635986328,0.39592692255973816,0.30879950523376465,0.4819902777671814,0.49491646885871887,0.4800800085067749
38,13.289314270019531,13.035911560058594,16.522130966186523,12.98742389678955,12.889323234558105,13.959641456604004,0.3887423574924469,0.2989780902862549,0.47373929619789124,0.49357596039772034,0.4854235351085663,13.648314476013184,13.332414627075195,16.588558197021484,13.57359504699707,13.552030563354492,14.805182456970215,0.4236849546432495,0.3352375328540802,0.49581000208854675,0.5097605586051941,0.4977512061595917
39,13.38499927520752,13.059755325317383,16.489837646484375,13.04639720916748,12.946715354919434,14.042518615722656,0.38819968700408936,0.30198922753334045,0.4736035466194153,0.4936695396900177,0.48532500863075256,13.184463500976562,13.181953430175781,16.565811157226562,13.10096549987793,12.830507278442383,13.540021896362305,0.38290101289749146,0.2988247573375702,0.4767492711544037,0.5007880330085754,0.5065205097198486
40,13.297906875610352,12.928726196289062,16.485843658447266,12.924936294555664,12.82378101348877,13.925884246826172,0.3976970613002777,0.3096310794353485,0.4827706515789032,0.5035911202430725,0.49550861120224,13.915143013000488,13.174921989440918,16.547819137573242,13.796154022216797,13.967552185058594,15.67965316772461,0.4738221764564514,0.389620840549469,0.5339758396148682,0.5400054454803467,0.5078679323196411
41,13.178311347961426,12.790079116821289,16.28793716430664,12.791895866394043,12.678487777709961,13.735458374023438,0.3955833315849304,0.31159505248069763,0.4785897731781006,0.5002209544181824,0.49378859996795654,13.228730201721191,13.068626403808594,16.550987243652344,13.00450325012207,12.844992637634277,13.801487922668457,0.36579030752182007,0.28012147545814514,0.4501931667327881,0.4695611596107483,0.4643670320510864
42,13.056624412536621,12.708662986755371,16.256711959838867,12.689929962158203,12.553862571716309,13.60112476348877,0.40983670949935913,0.3218201994895935,0.49239325523376465,0.5127029418945312,0.5028221607208252,13.05750846862793,12.687731742858887,16.137788772583008,12.790462493896484,12.74185562133789,13.963817596435547,0.4098203182220459,0.3273666501045227,0.48708534240722656,0.5006735324859619,0.4822673201560974
43,13.164648056030273,12.858625411987305,16.401187896728516,12.850680351257324,12.724678993225098,13.768129348754883,0.39940792322158813,0.3168335258960724,0.483249306678772,0.5050337314605713,0.4986000061035156,13.7062406539917,13.026413917541504,16.432626724243164,13.602350234985352,13.763988494873047,15.461662292480469,0.467536985874176,0.3832356929779053,0.5265347957611084,0.5326592922210693,0.503615140914917
44,13.319662094116211,12.954227447509766,16.507829666137695,12.921504974365234,12.79223918914795,13.791150093078613,0.4084005653858185,0.32256418466567993,0.4945329427719116,0.516968846321106,0.5124590992927551,12.987252235412598,12.58829402923584,16.072553634643555,12.806809425354004,12.761786460876465,14.052764892578125,0.4407937526702881,0.3553328216075897,0.5145447850227356,0.5275775790214539,0.5077746510505676
45,12.943774223327637,12.52721881866455,16.021989822387695,12.465839385986328,12.349553108215332,13.377312660217285,0.39902836084365845,0.3170710802078247,0.4796874225139618,0.4993526041507721,0.4930962324142456,12.975095748901367,12.662712097167969,16.10072898864746,12.890214920043945,12.804521560668945,13.922331809997559,0.43369433283805847,0.344662070274353,0.5111671090126038,0.526728630065918,0.515883207321167
46,13.08427619934082,12.732718467712402,16.206016540527344,12.7357759475708,12.612652778625488,13.652048110961914,0.4068904519081116,0.32404187321662903,0.4904922544956207,0.5125055313110352,0.5043280720710754,13.413955688476562,13.435423851013184,16.67360496520996,13.401640892028809,13.094261169433594,13.631340980529785,0.3529514968395233,0.2715650796890259,0.44419437646865845,0.4706231653690338,0.48221519589424133
47,13.043022155761719,12.705842018127441,16.2590274810791,12.653127670288086,12.525802612304688,13.51990795135498,0.40982186794281006,0.3280593156814575,0.4938047528266907,0.5142676830291748,0.5074153542518616,13.38169002532959,12.610331535339355,16.09871482849121,13.17857551574707,13.309627532958984,15.014564514160156,0.46987032890319824,0.38030508160591125,0.5280846357345581,0.5354277491569519,0.5046002268791199
48,12.914270401000977,12.581031799316406,16.09653091430664,12.503955841064453,12.353687286376953,13.35070514678955,0.4037703275680542,0.3238183856010437,0.4859708547592163,0.5080079436302185,0.5034115314483643,12.872191429138184,12.590538024902344,16.04844856262207,12.738648414611816,12.625120162963867,13.743284225463867,0.4230688512325287,0.33527418971061707,0.5016189813613892,0.5188366174697876,0.5075331926345825
49,12.905643463134766,12.544349670410156,15.984763145446777,12.49734878540039,12.351692199707031,13.335081100463867,0.41713324189186096,0.33421844244003296,0.5011292099952698,0.5243289470672607,0.5181006193161011,13.564118385314941,12.673431396484375,16.161056518554688,13.384031295776367,13.67128849029541,15.656009674072266,0.48118725419044495,0.3963377773761749,0.5320664644241333,0.5364394783973694,0.49808362126350403
50,12.968974113464355,12.64627456665039,16.12889289855957,12.616780281066895,12.48068904876709,13.475170135498047,0.4117561876773834,0.3338005840778351,0.4929921627044678,0.5146945118904114,0.5091133713722229,13.518990516662598,12.76400089263916,16.109352111816406,13.324731826782227,13.45644474029541,15.069191932678223,0.481311172246933,0.3965435326099396,0.5389199256896973,0.5473216772079468,0.5225406885147095
51,12.83300495147705,12.44669246673584,15.942907333374023,12.370981216430664,12.224358558654785,13.216567993164062,0.42183351516723633,0.34346696734428406,0.4976244866847992,0.5177013874053955,0.5110397934913635,12.893488883972168,12.466279983520508,15.874950408935547,12.659899711608887,12.601438522338867,13.839555740356445,0.44644367694854736,0.3623141646385193,0.5221444368362427,0.5375475287437439,0.523513674736023
52,12.871086120605469,12.55296802520752,15.939875602722168,12.517857551574707,12.371013641357422,13.342558860778809,0.41334882378578186,0.334549218416214,0.4950997233390808,0.5174018740653992,0.5132167339324951,13.1732177734375,13.244911193847656,16.329286575317383,13.167860984802246,12.886665344238281,13.540417671203613,0.3364976644515991,0.2688511610031128,0.42432475090026855,0.4513859152793884,0.46221619844436646
53,12.836991310119629,12.50350284576416,15.89744758605957,12.40768814086914,12.238551139831543,13.167656898498535,0.40960076451301575,0.3303985893726349,0.49315932393074036,0.5166736245155334,0.5144621133804321,12.71214771270752,12.356199264526367,15.72136116027832,12.48855209350586,12.437348365783691,13.748528480529785,0.4509856700897217,0.37251028418540955,0.5238679647445679,0.5371759533882141,0.5166396498680115
54,12.800768852233887,12.420583724975586,15.829245567321777,12.370163917541504,12.216157913208008,13.172659873962402,0.41502928733825684,0.3384084403514862,0.4985741674900055,0.5215809941291809,0.5180568695068359,12.825185775756836,12.654759407043457,15.888120651245117,12.681114196777344,12.551578521728516,13.519947052001953,0.4395788311958313,0.36124131083488464,0.5169988870620728,0.5339155197143555,0.5254234671592712
55,12.797356605529785,12.428369522094727,15.881662368774414,12.307109832763672,12.120379447937012,13.052467346191406,0.4181011915206909,0.3425460159778595,0.4967787265777588,0.518605649471283,0.5127578377723694,13.22297191619873,12.450708389282227,15.886086463928223,12.97201156616211,13.149677276611328,14.943300247192383,0.48168277740478516,0.40266019105911255,0.5391274690628052,0.5459575057029724,0.5132023692131042
56,12.655542373657227,12.314876556396484,15.639942169189453,12.279970169067383,12.126280784606934,13.099516868591309,0.425570547580719,0.3470887541770935,0.5063459277153015,0.5284552574157715,0.5228405594825745,13.585770606994629,13.275264739990234,16.63984489440918,13.297395706176758,13.202302932739258,14.383719444274902,0.4561486542224884,0.3857005536556244,0.5302531719207764,0.5433316230773926,0.5272141695022583
57,12.852694511413574,12.425424575805664,15.856637954711914,12.400909423828125,12.265053749084473,13.272174835205078,0.42301246523857117,0.34899812936782837,0.5012299418449402,0.5224246978759766,0.5190709233283997,12.63237190246582,12.594290733337402,15.826210021972656,12.468685150146484,12.17674446105957,12.857109069824219,0.4100368916988373,0.3378806412220001,0.4994204342365265,0.5247166752815247,0.5293858647346497
58,12.818463325500488,12.47500991821289,15.872477531433105,12.48238754272461,12.334026336669922,13.344282150268555,0.42047590017318726,0.34477606415748596,0.5012762546539307,0.5239402055740356,0.5186278223991394,12.819073677062988,12.889243125915527,16.109189987182617,12.54909610748291,12.239809036254883,12.769333839416504,0.36308422684669495,0.2906283140182495,0.4583861827850342,0.4856110215187073,0.500280499458313
59,12.577437400817871,12.271778106689453,15.688858032226562,12.17335319519043,11.995055198669434,12.929265022277832,0.4258689880371094,0.3512689769268036,0.5057351589202881,0.5281409025192261,0.5234470367431641,12.60980224609375,12.42302131652832,15.684934616088867,12.417073249816895,12.241442680358887,13.195003509521484,0.44410765171051025,0.3746616840362549,0.5250318050384521,0.5427502989768982,0.5326084494590759
60,12.793031692504883,12.49319839477539,15.826828002929688,12.450515747070312,12.284889221191406,13.207711219787598,0.4208775460720062,0.34789586067199707,0.501354455947876,0.5240106582641602,0.522053599357605,12.859711647033691,12.827136993408203,15.905303001403809,12.742536544799805,12.464612007141113,13.140151023864746,0.3522671163082123,0.2888043522834778,0.4380840063095093,0.4652062952518463,0.47421860694885254
61,12.668305397033691,12.304181098937988,15.584721565246582,12.317081451416016,12.17448902130127,13.17151165008545,0.4255897104740143,0.35354581475257874,0.5000075101852417,0.521305501461029,0.5140151977539062,12.709148406982422,12.416582107543945,15.750120162963867,12.492650032043457,12.38892936706543,13.570601463317871,0.4321596622467041,0.3545316457748413,0.5094016790390015,0.5273510813713074,0.5136309266090393
62,12.710728645324707,12.38178539276123,15.746770858764648,12.345337867736816,12.180546760559082,13.132436752319336,0.42344510555267334,0.3500756025314331,0.5038529634475708,0.5268855690956116,0.5251352787017822,12.784622192382812,12.768369674682617,15.811116218566895,12.641949653625488,12.308234214782715,12.859746932983398,0.39681562781333923,0.33242499828338623,0.4868798553943634,0.5135399103164673,0.5239783525466919
63,12.740776062011719,12.391434669494629,15.789633750915527,12.337640762329102,12.171248435974121,13.108295440673828,0.42987990379333496,0.3586922883987427,0.5066980123519897,0.5287721157073975,0.5264217257499695,12.405600547790527,12.245503425598145,15.490978240966797,12.16399097442627,11.939281463623047,12.81117057800293,0.44028809666633606,0.36931368708610535,0.5209291577339172,0.5406171083450317,0.5332398414611816
64,12.674006462097168,12.317856788635254,15.622150421142578,12.31088638305664,12.169549942016602,13.142387390136719,0.42406749725341797,0.35365909337997437,0.5011197328567505,0.5213467478752136,0.5131558179855347,12.928584098815918,12.403197288513184,15.601764678955078,12.819636344909668,12.825154304504395,14.16306209564209,0.47860604524612427,0.3962250351905823,0.5467898845672607,0.5587390065193176,0.5399793982505798
65,12.704546928405762,12.287854194641113,15.633575439453125,12.244617462158203,12.073305130004883,12.997255325317383,0.43700110912323,0.3647611737251282,0.5119189620018005,0.5336585640907288,0.5296067595481873,14.484243392944336,14.081295013427734,17.23099708557129,13.99740982055664,13.836750030517578,14.617165565490723,0.43584924936294556,0.3788098096847534,0.5111910700798035,0.5260424017906189,0.520942747592926
66,12.672410011291504,12.300149917602539,15.637054443359375,12.257421493530273,12.089652061462402,13.027036666870117,0.4293128550052643,0.3595433831214905,0.5056357383728027,0.527849555015564,0.5246074199676514,13.838971138000488,13.206658363342285,16.232419967651367,13.796978950500488,13.82205867767334,15.121248245239258,0.4785352647304535,0.40783917903900146,0.5385722517967224,0.5496849417686462,0.5325168967247009
67,12.542410850524902,12.211174964904785,15.565159797668457,12.14134693145752,11.96249771118164,12.873407363891602,0.43179556727409363,0.35992833971977234,0.5091291069984436,0.5309594869613647,0.5255585312843323,12.624140739440918,12.192046165466309,15.542964935302734,12.38575267791748,12.347148895263672,13.678190231323242,0.4723779559135437,0.39809855818748474,0.5391287207603455,0.5501053929328918,0.5265882611274719
68,12.573697090148926,12.249611854553223,15.589554786682129,12.198668479919434,12.012953758239746,12.917187690734863,0.43686163425445557,0.365866482257843,0.513954758644104,0.5355523228645325,0.5324959754943848,12.435725212097168,12.087923049926758,15.416385650634766,12.167519569396973,12.06003475189209,13.230463981628418,0.4674019515514374,0.3974851071834564,0.5396199822425842,0.5535924434661865,0.5334423780441284
69,12.744012832641602,12.420377731323242,15.747187614440918,12.46303939819336,12.327678680419922,13.297443389892578,0.4271313548088074,0.35986894369125366,0.5014665722846985,0.5241807699203491,0.52178555727005,12.601316452026367,12.428987503051758,15.678155899047852,12.427668571472168,12.30739974975586,13.317558288574219,0.4419739246368408,0.37986019253730774,0.5167353749275208,0.5325900316238403,0.5200592875480652
70,12.604302406311035,12.18869400024414,15.47925090789795,12.143226623535156,11.967790603637695,12.8709135055542,0.4321025311946869,0.3627427816390991,0.5091016292572021,0.5314905643463135,0.5286538600921631,12.525964736938477,12.417156219482422,15.464290618896484,12.383567810058594,12.178184509277344,12.891192436218262,0.4034852683544159,0.35118788480758667,0.47689035534858704,0.4974254369735718,0.5004217624664307
71,12.587718963623047,12.199686050415039,15.541369438171387,12.16899299621582,11.9926118850708,12.903013229370117,0.43055546283721924,0.3652169108390808,0.5019503235816956,0.5226033329963684,0.5200226306915283,13.06200885772705,12.82503604888916,15.946355819702148,13.057003021240234,13.054485321044922,14.235584259033203,0.4699241816997528,0.4061211347579956,0.5360267162322998,0.5461965203285217,0.5281674265861511
72,12.706988334655762,12.342033386230469,15.67955207824707,12.360160827636719,12.207563400268555,13.148921966552734,0.4397398829460144,0.3726491332054138,0.5121094584465027,0.5335518717765808,0.5292274355888367,13.3832368850708,12.510815620422363,15.790050506591797,13.167339324951172,13.361119270324707,15.183162689208984,0.5057116746902466,0.42927777767181396,0.560810923576355,0.5658965706825256,0.5280665159225464
73,12.452189445495605,12.096854209899902,15.444528579711914,12.015339851379395,11.833283424377441,12.714639663696289,0.4367855191230774,0.3687616288661957,0.5108077526092529,0.5312561392784119,0.5256561636924744,12.71407413482666,12.525620460510254,15.746560096740723,12.661649703979492,12.676191329956055,13.873529434204102,0.45703160762786865,0.39101049304008484,0.5326937437057495,0.5444422364234924,0.5247231721878052
74,12.4794340133667,12.11072063446045,15.462182998657227,12.059412956237793,11.88879680633545,12.802562713623047,0.4429648518562317,0.3749794065952301,0.5150828957557678,0.5359280109405518,0.5294739603996277,12.542953491210938,12.189586639404297,15.470945358276367,12.28171157836914,12.151960372924805,13.16059684753418,0.449649840593338,0.37954652309417725,0.5196433663368225,0.5365013480186462,0.525437593460083
75,12.478015899658203,12.067923545837402,15.40742301940918,12.030220985412598,11.857616424560547,12.752202987670898,0.4372529089450836,0.3705933392047882,0.5097078680992126,0.5315351486206055,0.5318326950073242,13.029955863952637,12.516115188598633,15.670758247375488,12.95736026763916,13.025516510009766,14.479972839355469,0.49953094124794006,0.42796263098716736,0.5605151653289795,0.5687350630760193,0.5414118766784668
76,12.436258316040039,12.046183586120605,15.368277549743652,12.042844772338867,11.8890380859375,12.823192596435547,0.44599539041519165,0.3785070776939392,0.5185759663581848,0.5392068028450012,0.5336602330207825,12.352046966552734,12.187183380126953,15.420159339904785,12.12078857421875,11.911140441894531,12.798223495483398,0.4379580020904541,0.3751169443130493,0.5144370794296265,0.5341813564300537,0.5271673798561096
77,12.469820022583008,12.13697624206543,15.512011528015137,12.08353328704834,11.902639389038086,12.79284954071045,0.44140908122062683,0.37533387541770935,0.5160379409790039,0.5370405912399292,0.5326865315437317,12.262889862060547,12.016826629638672,15.308289527893066,12.036503791809082,11.869000434875488,12.908056259155273,0.46373289823532104,0.39556756615638733,0.5395819544792175,0.5564402937889099,0.540534496307373
78,12.4091215133667,12.067476272583008,15.353937149047852,12.053903579711914,11.890557289123535,12.794527053833008,0.44452211260795593,0.37820011377334595,0.5161838531494141,0.5369853973388672,0.5329217314720154,12.319231986999512,12.15225887298584,15.361414909362793,12.123193740844727,11.902373313903809,12.635380744934082,0.4401588439941406,0.3695370852947235,0.5184741020202637,0.5381916761398315,0.5373445749282837
79,12.38035774230957,12.038446426391602,15.39350414276123,11.979194641113281,11.791111946105957,12.670449256896973,0.4450661838054657,0.37752920389175415,0.5196000337600708,0.5410809516906738,0.5363782644271851,13.165396690368652,12.70850944519043,16.034080505371094,12.935450553894043,12.88966178894043,14.221349716186523,0.49296867847442627,0.4288860559463501,0.5548725128173828,0.5638976097106934,0.5374332070350647
80,12.39880657196045,11.947956085205078,15.28551959991455,11.924812316894531,11.756689071655273,12.641582489013672,0.4515155851840973,0.38545557856559753,0.5214393734931946,0.542181134223938,0.5392390489578247,12.313804626464844,12.187308311462402,15.280304908752441,12.087544441223145,11.821818351745605,12.520495414733887,0.4002896547317505,0.35013478994369507,0.4826139807701111,0.509610116481781,0.5167942643165588
81,12.49625015258789,12.091397285461426,15.36974048614502,12.176959991455078,12.053869247436523,13.012290954589844,0.4389471411705017,0.37700000405311584,0.5072954893112183,0.5282951593399048,0.5268449783325195,12.408090591430664,12.17069149017334,15.451706886291504,12.202916145324707,12.015447616577148,12.927441596984863,0.4345463216304779,0.36547374725341797,0.508223831653595,0.5299963355064392,0.5265406966209412
82,12.527645111083984,12.145486831665039,15.481878280639648,12.153958320617676,11.9924898147583,12.871901512145996,0.45267799496650696,0.38758206367492676,0.5206884741783142,0.540588915348053,0.5343083739280701,12.593153953552246,12.40078353881836,15.464475631713867,12.461913108825684,12.273907661437988,13.024457931518555,0.418824166059494,0.36253172159194946,0.4854331314563751,0.504344642162323,0.5055168867111206
83,12.463841438293457,12.07470703125,15.390280723571777,12.128236770629883,11.967555046081543,12.852563858032227,0.4389294981956482,0.37509575486183167,0.5124528408050537,0.5353479385375977,0.5365265011787415,13.460246086120605,13.188727378845215,16.02804183959961,13.323830604553223,13.10604476928711,13.615917205810547,0.330302357673645,0.2899634838104248,0.3958703279495239,0.41965967416763306,0.43852004408836365
84,12.483233451843262,12.089435577392578,15.347308158874512,12.107803344726562,11.957854270935059,12.858434677124023,0.44886985421180725,0.38510018587112427,0.5161617994308472,0.5360434651374817,0.5340984463691711,12.650960922241211,12.136399269104004,15.381810188293457,12.442097663879395,12.36933708190918,13.660918235778809,0.4733768105506897,0.40406152606010437,0.5367430448532104,0.5511464476585388,0.5316033363342285
85,12.310041427612305,11.996326446533203,15.314725875854492,12.077585220336914,11.931082725524902,12.842172622680664,0.45010972023010254,0.384898841381073,0.5205261707305908,0.543110728263855,0.5394142270088196,12.681488037109375,12.128496170043945,15.438586235046387,12.505475044250488,12.477718353271484,13.837553977966309,0.4830087721347809,0.4128696620464325,0.5396788120269775,0.5529858469963074,0.5316833853721619
86,12.40943717956543,12.005871772766113,15.33220100402832,12.015193939208984,11.860549926757812,12.728711128234863,0.4463638365268707,0.3845219910144806,0.5155055522918701,0.5351407527923584,0.5322481393814087,12.481851577758789,12.390692710876465,15.37896728515625,12.355399131774902,12.128618240356445,12.710440635681152,0.3918467164039612,0.3415226638317108,0.4698406159877777,0.49438706040382385,0.5071662068367004
87,12.348690032958984,11.939236640930176,15.259781837463379,11.915687561035156,11.732856750488281,12.56203556060791,0.4472791850566864,0.3849903345108032,0.5168202519416809,0.5371137261390686,0.533865749835968,13.039090156555176,12.260254859924316,15.583312034606934,12.902088165283203,13.067030906677246,14.801441192626953,0.5157093405723572,0.4407978653907776,0.5664077997207642,0.5708518624305725,0.5344386696815491
88,12.266042709350586,11.881577491760254,15.169044494628906,11.939346313476562,11.807194709777832,12.733856201171875,0.4563673436641693,0.3929028809070587,0.5221639275550842,0.5414126515388489,0.5346817970275879,12.705031394958496,12.04216194152832,15.383057594299316,12.490428924560547,12.528265953063965,14.042876243591309,0.489623486995697,0.4209068715572357,0.5432485938072205,0.5539866089820862,0.5266540050506592
89,12.375617980957031,11.966207504272461,15.274599075317383,11.948943138122559,11.785527229309082,12.633797645568848,0.4540037214756012,0.39107072353363037,0.521980345249176,0.5413177013397217,0.5380508899688721,12.487935066223145,12.283885955810547,15.533770561218262,12.286601066589355,12.088325500488281,12.940001487731934,0.42371687293052673,0.3581887483596802,0.4924386739730835,0.5105557441711426,0.5055558681488037
90,12.312488555908203,11.955412864685059,15.31521987915039,11.9382963180542,11.758418083190918,12.5961275100708,0.4567968249320984,0.39323368668556213,0.5222201347351074,0.5422728061676025,0.5373719334602356,12.920915603637695,12.346625328063965,15.575638771057129,12.781244277954102,12.81246280670166,14.222267150878906,0.49511921405792236,0.4221487045288086,0.5534447431564331,0.5638796091079712,0.5394507050514221
91,12.236553192138672,11.858591079711914,15.178874015808105,11.836423873901367,11.653518676757812,12.47960090637207,0.45782846212387085,0.39695799350738525,0.5241122841835022,0.5441606640815735,0.5415968298912048,12.174416542053223,11.965497970581055,15.283936500549316,11.959885597229004,11.737044334411621,12.602813720703125,0.45392507314682007,0.38696885108947754,0.5249342322349548,0.54358971118927,0.5357897281646729
92,12.264739036560059,11.866081237792969,15.212793350219727,11.857473373413086,11.682052612304688,12.528877258300781,0.4509962201118469,0.3882749378681183,0.5212071537971497,0.5415176749229431,0.5386043787002563,12.624707221984863,12.184795379638672,15.514079093933105,12.37682056427002,12.353690147399902,13.66629409790039,0.5041043162345886,0.43714606761932373,0.5665023326873779,0.575535237789154,0.5483183860778809
93,12.337983131408691,11.934563636779785,15.2891845703125,11.868156433105469,11.671566009521484,12.478160858154297,0.4529358446598053,0.3911592364311218,0.5215955972671509,0.5410835146903992,0.5360856652259827,12.577815055847168,12.453532218933105,15.530074119567871,12.38252067565918,12.094069480895996,12.55145263671875,0.395586758852005,0.35834816098213196,0.46925047039985657,0.49295973777770996,0.5094969868659973
94,12.089707374572754,11.661860466003418,14.948091506958008,11.63992691040039,11.4768705368042,12.33914852142334,0.4575604796409607,0.3941730856895447,0.5239390134811401,0.542926013469696,0.5401117205619812,12.292957305908203,12.089868545532227,15.280224800109863,12.047175407409668,11.810469627380371,12.566478729248047,0.42883849143981934,0.3733637034893036,0.5010126829147339,0.5217358469963074,0.5198037028312683
95,12.241148948669434,11.860433578491211,15.174283981323242,11.882554054260254,11.726770401000977,12.606698036193848,0.4621880054473877,0.399394154548645,0.5277430415153503,0.547345757484436,0.539191484451294,12.163219451904297,12.06772232055664,15.193293571472168,11.995328903198242,11.713285446166992,12.398979187011719,0.42877820134162903,0.3715803027153015,0.5028662085533142,0.5253008604049683,0.5272690653800964
96,12.292438507080078,11.900683403015137,15.298463821411133,11.83588695526123,11.649155616760254,12.47200870513916,0.461453914642334,0.39810049533843994,0.527702808380127,0.5461713671684265,0.5394927859306335,12.268721580505371,11.947432518005371,15.295445442199707,11.977603912353516,11.821272850036621,12.856819152832031,0.4607580602169037,0.3880856931209564,0.5323110222816467,0.5504429936408997,0.5373044610023499
97,12.273664474487305,11.861004829406738,15.168096542358398,11.827999114990234,11.635781288146973,12.442546844482422,0.44967710971832275,0.3887931704521179,0.5219191908836365,0.5436219573020935,0.5423538088798523,12.401827812194824,12.081624031066895,15.404562950134277,12.313447952270508,12.18759536743164,13.23203182220459,0.4653240740299225,0.38869789242744446,0.5335236191749573,0.5508689284324646,0.5380640625953674
98,12.085124015808105,11.675647735595703,14.995749473571777,11.692326545715332,11.538829803466797,12.415809631347656,0.4694453477859497,0.408553808927536,0.533000648021698,0.5509265065193176,0.5449051260948181,12.235264778137207,11.985365867614746,15.265900611877441,12.058589935302734,11.906671524047852,12.772891998291016,0.4609450697898865,0.40611234307289124,0.5224704146385193,0.5382658839225769,0.5298186540603638
99,12.17090892791748,11.748327255249023,15.122444152832031,11.72622299194336,11.54603385925293,12.381781578063965,0.4670248329639435,0.4045271575450897,0.5293135046958923,0.5471522212028503,0.5390058159828186,12.231423377990723,11.922789573669434,15.228110313415527,12.06374454498291,11.942912101745605,12.99063777923584,0.4785405695438385,0.4111487567424774,0.5407329797744751,0.5544008612632751,0.5363895893096924
100,12.2323637008667,11.859015464782715,15.235800743103027,11.832099914550781,11.655272483825684,12.512582778930664,0.44787725806236267,0.3878595232963562,0.517841100692749,0.5378345847129822,0.5332812666893005,12.321501731872559,12.236340522766113,15.295395851135254,12.177364349365234,11.918207168579102,12.553668975830078,0.4114750325679779,0.3664429485797882,0.4838181734085083,0.5068472623825073,0.5158334374427795
101,11.996976852416992,11.551675796508789,14.853601455688477,11.506671905517578,11.32712173461914,12.17025089263916,0.4705725312232971,0.40840813517570496,0.5355660319328308,0.5535368919372559,0.5476750731468201,12.187307357788086,11.977144241333008,15.14250373840332,12.135418891906738,11.91946792602539,12.683186531066895,0.46761298179626465,0.3985879123210907,0.5351653099060059,0.5535473823547363,0.5504104495048523
102,12.193530082702637,11.779065132141113,15.131372451782227,11.808615684509277,11.63869571685791,12.491341590881348,0.4612588882446289,0.3991202116012573,0.5265334248542786,0.5461012721061707,0.5401396751403809,12.319826126098633,12.218605041503906,15.354814529418945,12.186484336853027,11.949989318847656,12.661191940307617,0.4274196922779083,0.36735954880714417,0.49607956409454346,0.5137041807174683,0.5114235281944275
103,12.251383781433105,11.860359191894531,15.217964172363281,11.865939140319824,11.678367614746094,12.489667892456055,0.47364935278892517,0.4118025004863739,0.5358752608299255,0.553905725479126,0.548134982585907,12.213976860046387,11.869467735290527,15.23521900177002,11.975719451904297,11.839653015136719,12.89145565032959,0.48660025000572205,0.41463541984558105,0.5553570985794067,0.5703516602516174,0.5520327091217041
104,12.053650856018066,11.625829696655273,14.944705963134766,11.593249320983887,11.417784690856934,12.261356353759766,0.46477755904197693,0.40386712551116943,0.5282367467880249,0.546208381652832,0.5389358997344971,12.720756530761719,12.348085403442383,15.600153923034668,12.573968887329102,12.431262016296387,13.4798583984375,0.500175416469574,0.43522948026657104,0.5625002384185791,0.574817955493927,0.5569568872451782
105,12.107179641723633,11.706686973571777,15.055387496948242,11.701321601867676,11.533391952514648,12.39517593383789,0.4691823422908783,0.40725377202033997,0.5339196920394897,0.5516820549964905,0.5451172590255737,12.481417655944824,12.159737586975098,15.263580322265625,12.371437072753906,12.208111763000488,13.099732398986816,0.4453279376029968,0.3903437852859497,0.5017507672309875,0.5168781876564026,0.5043940544128418
106,12.150880813598633,11.744476318359375,15.067924499511719,11.775707244873047,11.616422653198242,12.484423637390137,0.4644303321838379,0.4041438400745392,0.5278707146644592,0.5466822981834412,0.5419514179229736,12.430487632751465,12.316950798034668,15.324524879455566,12.350971221923828,12.098122596740723,12.629755020141602,0.42284533381462097,0.3774801194667816,0.4930911362171173,0.5151581764221191,0.5261874794960022
107,12.146522521972656,11.67606258392334,15.029420852661133,11.719768524169922,11.562373161315918,12.428868293762207,0.4680931866168976,0.4074723422527313,0.5304707288742065,0.5491816401481628,0.5439343452453613,13.068018913269043,12.297772407531738,15.617362022399902,12.853339195251465,12.974587440490723,14.618922233581543,0.5284899473190308,0.4595600366592407,0.5757967829704285,0.5802564024925232,0.5449124574661255
108,12.239885330200195,11.748133659362793,15.102519989013672,11.796236038208008,11.653314590454102,12.550553321838379,0.46547457575798035,0.4062078893184662,0.5285871028900146,0.5471240282058716,0.5414260029792786,12.22957706451416,12.042851448059082,15.278141021728516,12.111598014831543,11.910862922668457,12.61829948425293,0.4543132781982422,0.38547852635383606,0.5254496335983276,0.5434569120407104,0.5415610671043396
109,12.212162017822266,11.81492805480957,15.14492130279541,11.913326263427734,11.775251388549805,12.643182754516602,0.46381643414497375,0.40299004316329956,0.5260239243507385,0.5446060299873352,0.5421447157859802,12.34241008758545,12.161687850952148,15.210393905639648,12.195637702941895,11.949455261230469,12.555326461791992,0.4125297963619232,0.3644281029701233,0.47655150294303894,0.49727970361709595,0.5054800510406494
110,12.034930229187012,11.552611351013184,14.809120178222656,11.584122657775879,11.41948413848877,12.26374626159668,0.4707947373390198,0.4108571708202362,0.5333139896392822,0.5520546436309814,0.5478822588920593,12.089582443237305,11.91141128540039,14.976570129394531,11.95106315612793,11.738584518432617,12.416918754577637,0.4667545557022095,0.4083537757396698,0.5354640483856201,0.5548318028450012,0.5537955164909363
111,12.001752853393555,11.562929153442383,14.90749740600586,11.564536094665527,11.39792251586914,12.239252090454102,0.475915789604187,0.41555485129356384,0.5372496843338013,0.5547007918357849,0.5477574467658997,12.23056697845459,12.039695739746094,15.273401260375977,12.069108009338379,11.854723930358887,12.647114753723145,0.4497722089290619,0.3930242359638214,0.5154638290405273,0.5353407263755798,0.5313360691070557
112,11.769769668579102,11.370803833007812,14.784671783447266,11.305274963378906,11.092584609985352,11.900595664978027,0.4776080250740051,0.4146772027015686,0.5452792644500732,0.564400315284729,0.5589641332626343,11.963193893432617,11.752037048339844,15.01188850402832,11.768365859985352,11.551527976989746,12.385774612426758,0.4600287079811096,0.40181443095207214,0.5268788933753967,0.5446801781654358,0.536578893661499
113,11.654157638549805,11.247690200805664,14.6820650100708,11.187731742858887,11.005846977233887,11.845442771911621,0.4925044775009155,0.42743930220603943,0.5571208596229553,0.5752694606781006,0.5666096210479736,12.114811897277832,11.766633987426758,15.12297248840332,11.984907150268555,11.921171188354492,13.111345291137695,0.5108596086502075,0.4453998804092407,0.5702911019325256,0.580819308757782,0.5567543506622314
114,11.75719165802002,11.329174995422363,14.741338729858398,11.284794807434082,11.100115776062012,11.96762466430664,0.4731065332889557,0.4119219183921814,0.5391927361488342,0.5566397309303284,0.5457237958908081,11.983661651611328,11.68596363067627,14.975189208984375,11.778736114501953,11.603507995605469,12.551838874816895,0.4851997494697571,0.42135298252105713,0.5463165640830994,0.5609775185585022,0.5464264154434204
115,11.654867172241211,11.221281051635742,14.61307144165039,11.155708312988281,10.96276569366455,11.816049575805664,0.4910227954387665,0.42786040902137756,0.5536290407180786,0.5705916285514832,0.5609673857688904,12.121914863586426,11.863975524902344,15.082246780395508,11.999736785888672,11.829670906066895,12.784114837646484,0.4622564911842346,0.4026758372783661,0.5225829482078552,0.5381652116775513,0.5247199535369873
116,11.675179481506348,11.24021053314209,14.641845703125,11.163750648498535,10.981021881103516,11.839706420898438,0.49192070960998535,0.4275510907173157,0.5535742044448853,0.5697991251945496,0.5583434104919434,12.114019393920898,11.866722106933594,15.05164909362793,11.839743614196777,11.592629432678223,12.373953819274902,0.44141510128974915,0.3854318857192993,0.5080869197845459,0.5267717838287354,0.5211716294288635
117,11.709515571594238,11.248323440551758,14.616738319396973,11.213324546813965,11.032462120056152,11.890024185180664,0.490220844745636,0.4280669093132019,0.5533384084701538,0.5698308348655701,0.5592653155326843,12.219843864440918,11.924107551574707,15.162019729614258,12.120538711547852,11.944574356079102,12.844964027404785,0.45968037843704224,0.3903951048851013,0.52217036485672,0.5378913283348083,0.5267930030822754
118,11.676959037780762,11.223162651062012,14.621301651000977,11.147926330566406,10.959127426147461,11.80148983001709,0.4854143559932709,0.42246735095977783,0.5488081574440002,0.5666215419769287,0.5591551065444946,11.911308288574219,11.713623046875,14.953584671020508,11.733757019042969,11.515702247619629,12.333765983581543,0.4686098098754883,0.40646958351135254,0.5372462868690491,0.5549479126930237,0.5476488471031189
119,11.613636016845703,11.172882080078125,14.557161331176758,11.119819641113281,10.929546356201172,11.77403736114502,0.48757609724998474,0.4235691428184509,0.5523135662078857,0.5695308446884155,0.5601624846458435,12.273269653320312,11.755797386169434,15.159039497375488,12.043338775634766,12.028468132019043,13.317481994628906,0.4987841844558716,0.4272913634777069,0.5555610060691833,0.5651330351829529,0.5403055548667908
120,11.6448335647583,11.166818618774414,14.519485473632812,11.124848365783691,10.944727897644043,11.782679557800293,0.48810088634490967,0.4240935444831848,0.5526996850967407,0.5702722668647766,0.5607221722602844,12.206218719482422,11.914414405822754,14.99458122253418,11.926433563232422,11.731766700744629,12.471488952636719,0.42176932096481323,0.37336447834968567,0.4876582622528076,0.5062978267669678,0.5080353021621704
121,11.591092109680176,11.1709623336792,14.610037803649902,11.068341255187988,10.875327110290527,11.728888511657715,0.49341660737991333,0.43040594458580017,0.5584664940834045,0.575031578540802,0.5635240077972412,11.937326431274414,11.686209678649902,14.960088729858398,11.72510814666748,11.531022071838379,12.383240699768066,0.4932595491409302,0.43280091881752014,0.5595741868019104,0.574266791343689,0.5626612305641174
122,11.75347900390625,11.325286865234375,14.755305290222168,11.27047061920166,11.086006164550781,11.969818115234375,0.4868677854537964,0.42295917868614197,0.5507286190986633,0.5675757527351379,0.5581008195877075,12.7386474609375,11.887602806091309,15.313072204589844,12.521941184997559,12.635293006896973,14.331717491149902,0.5355893969535828,0.46059462428092957,0.5837182998657227,0.58838951587677,0.551018238067627
123,11.575455665588379,11.074676513671875,14.45255184173584,11.023886680603027,10.850817680358887,11.705082893371582,0.4954187572002411,0.4322294592857361,0.5571537017822266,0.5737055540084839,0.5623313784599304,11.829065322875977,11.611732482910156,14.862709999084473,11.692785263061523,11.484086036682129,12.321779251098633,0.4830700159072876,0.4187634289264679,0.5492520928382874,0.5661599040031433,0.555919885635376
124,11.7384033203125,11.213265419006348,14.542730331420898,11.202552795410156,11.031257629394531,11.883074760437012,0.4838434159755707,0.4203001856803894,0.5479789972305298,0.5655879378318787,0.5589114427566528,12.255270004272461,11.769326210021973,15.099241256713867,12.092626571655273,12.04535961151123,13.33773136138916,0.5063050985336304,0.434226930141449,0.5643817186355591,0.5758618116378784,0.551265299320221
125,11.641871452331543,11.213886260986328,14.667435646057129,11.133966445922852,10.937167167663574,11.761039733886719,0.4928472340106964,0.4296245872974396,0.556246280670166,0.5736621618270874,0.5645670294761658,11.961197853088379,11.72031307220459,14.959039688110352,11.808568000793457,11.607884407043457,12.491154670715332,0.48500874638557434,0.41872522234916687,0.5523075461387634,0.5687106847763062,0.5570935010910034
126,11.680570602416992,11.2033052444458,14.581700325012207,11.188669204711914,11.0091552734375,11.880873680114746,0.4905666708946228,0.42649519443511963,0.5538740754127502,0.5714241862297058,0.561423659324646,12.338678359985352,11.860431671142578,15.241652488708496,12.175952911376953,12.134644508361816,13.40988540649414,0.5274579524993896,0.4593791365623474,0.5822102427482605,0.5918443202972412,0.5661327838897705
127,11.479820251464844,11.080808639526367,14.434206008911133,11.019960403442383,10.827455520629883,11.680705070495605,0.48971638083457947,0.42741844058036804,0.5536307692527771,0.569719135761261,0.5580373406410217,11.96741008758545,11.6197509765625,14.936674118041992,11.707050323486328,11.549120903015137,12.538586616516113,0.5036008358001709,0.43452170491218567,0.5690425038337708,0.5836544632911682,0.5668009519577026
128,11.611207008361816,11.160984992980957,14.562969207763672,11.118800163269043,10.930523872375488,11.764369010925293,0.4974571168422699,0.4327468276023865,0.561019241809845,0.5783478617668152,0.5706459879875183,12.650577545166016,11.88007640838623,15.27866268157959,12.45673656463623,12.541601181030273,14.155865669250488,0.531298816204071,0.4574246108531952,0.5788857936859131,0.5851215720176697,0.5509666800498962
129,11.561736106872559,11.110200881958008,14.567041397094727,11.045588493347168,10.873126983642578,11.7642240524292,0.4958815276622772,0.4311075508594513,0.5595611333847046,0.5755813121795654,0.5615136027336121,12.548051834106445,11.879477500915527,15.26092529296875,12.366425514221191,12.408171653747559,13.881728172302246,0.5244624614715576,0.44963398575782776,0.5789766907691956,0.586470365524292,0.5571531653404236
130,11.611931800842285,11.147068977355957,14.560564994812012,11.069345474243164,10.883817672729492,11.726264953613281,0.49742522835731506,0.43437084555625916,0.5570594668388367,0.5731748342514038,0.5640637278556824,12.005990982055664,11.830913543701172,14.98426342010498,11.770447731018066,11.508904457092285,12.141914367675781,0.4284748136997223,0.3726831376552582,0.500273585319519,0.5225955247879028,0.5286654829978943
131,11.613421440124512,11.139311790466309,14.499135971069336,11.100214958190918,10.920649528503418,11.782754898071289,0.49131593108177185,0.42717474699020386,0.5553251504898071,0.5716508030891418,0.5601741075515747,11.929479598999023,11.658522605895996,14.943204879760742,11.733078956604004,11.558939933776855,12.461531639099121,0.4777277708053589,0.41256964206695557,0.5408143997192383,0.5560703873634338,0.5437540411949158
132,11.643316268920898,11.156463623046875,14.545900344848633,11.121376037597656,10.931207656860352,11.780302047729492,0.49612849950790405,0.4328010380268097,0.559578537940979,0.5771961808204651,0.5687170028686523,12.05592155456543,11.857978820800781,14.893953323364258,11.837149620056152,11.583910942077637,12.198004722595215,0.4263905882835388,0.37729039788246155,0.4974929392337799,0.5182122588157654,0.5263497829437256
133,11.571053504943848,11.074073791503906,14.445141792297363,11.030919075012207,10.86463451385498,11.722966194152832,0.4908192753791809,0.4277024567127228,0.5511623620986938,0.5676019191741943,0.5588928461074829,11.937005043029785,11.634133338928223,14.866761207580566,11.75483226776123,11.618745803833008,12.533018112182617,0.5002237558364868,0.43792667984962463,0.5606626868247986,0.5728766918182373,0.5576237440109253
134,11.630956649780273,11.170042991638184,14.628028869628906,11.098640441894531,10.90786361694336,11.749663352966309,0.4931919276714325,0.42949411273002625,0.5589097142219543,0.5753529667854309,0.5622831583023071,12.125892639160156,11.610395431518555,15.033674240112305,11.904729843139648,11.853565216064453,13.100447654724121,0.521234393119812,0.45099857449531555,0.5765210390090942,0.5858141779899597,0.5588586330413818
135,11.525249481201172,11.024849891662598,14.40308952331543,10.961634635925293,10.788884162902832,11.6668119430542,0.49308887124061584,0.4288928210735321,0.5562809109687805,0.5718953609466553,0.5602518320083618,11.877801895141602,11.692060470581055,14.813824653625488,11.744470596313477,11.506356239318848,12.185297012329102,0.46639904379844666,0.40553227066993713,0.5300981998443604,0.5475186109542847,0.5455012917518616
136,11.5777006149292,11.128450393676758,14.552011489868164,11.074522018432617,10.88908576965332,11.73245906829834,0.4965338408946991,0.4326537847518921,0.5594784617424011,0.5761120319366455,0.5653193593025208,11.785470962524414,11.576325416564941,14.84200668334961,11.570854187011719,11.337538719177246,12.085227966308594,0.4793447256088257,0.4222089946269989,0.5446305871009827,0.5609002709388733,0.5535148978233337
137,11.54269790649414,11.026153564453125,14.363714218139648,10.987924575805664,10.807439804077148,11.664399147033691,0.4925113022327423,0.4285864233970642,0.5535632967948914,0.5708662867546082,0.5628841519355774,12.381765365600586,12.20805835723877,15.371726036071777,12.18229866027832,11.88191032409668,12.518123626708984,0.41711118817329407,0.3586300015449524,0.4814979135990143,0.503422200679779,0.5059860944747925
138,11.4141263961792,10.959259986877441,14.3690767288208,10.883440971374512,10.681987762451172,11.497060775756836,0.5050686001777649,0.4404149651527405,0.567619800567627,0.5838866233825684,0.5710962414741516,11.849286079406738,11.599969863891602,14.881340980529785,11.612954139709473,11.399994850158691,12.260931015014648,0.5048946738243103,0.4423620104789734,0.5693784356117249,0.5828612446784973,0.5675171613693237
139,11.37415885925293,10.943338394165039,14.37605094909668,10.837119102478027,10.638840675354004,11.460349082946777,0.5018654465675354,0.43634429574012756,0.5671302080154419,0.5834603905677795,0.5743151307106018,12.09074592590332,11.856781959533691,14.857452392578125,11.867399215698242,11.620128631591797,12.27785873413086,0.4059288501739502,0.36117973923683167,0.47755932807922363,0.5006486177444458,0.5124520063400269
140,11.430562019348145,10.964925765991211,14.415506362915039,10.893028259277344,10.702625274658203,11.559052467346191,0.5051864385604858,0.43884265422821045,0.5668853521347046,0.5821163058280945,0.5668092370033264,11.749223709106445,11.53766918182373,14.76103687286377,11.508259773254395,11.291674613952637,12.049304008483887,0.48454463481903076,0.42618778347969055,0.5491194128990173,0.563687801361084,0.554076075553894
141,11.273308753967285,10.82579517364502,14.235095977783203,10.717756271362305,10.529717445373535,11.385558128356934,0.5057646036148071,0.4415725767612457,0.5679671764373779,0.5829437375068665,0.5711650252342224,11.779253005981445,11.597254753112793,14.718351364135742,11.570830345153809,11.295893669128418,11.940224647521973,0.46000349521636963,0.40573999285697937,0.5285422801971436,0.5479872822761536,0.5478830933570862
142,11.44398307800293,10.978296279907227,14.388921737670898,10.903996467590332,10.708982467651367,11.557748794555664,0.5083675384521484,0.4409630000591278,0.5710211992263794,0.5876014828681946,0.57625812292099,11.705863952636719,11.51329231262207,14.710745811462402,11.483664512634277,11.226178169250488,11.919994354248047,0.47960394620895386,0.4192987084388733,0.5466486215591431,0.5636205673217773,0.5576566457748413
143,11.358972549438477,10.905962944030762,14.335054397583008,10.823380470275879,10.631794929504395,11.473078727722168,0.5028849840164185,0.4384443461894989,0.5660334229469299,0.581272542476654,0.5684349536895752,11.73274040222168,11.526778221130371,14.745244026184082,11.491143226623535,11.251873970031738,11.959040641784668,0.4807122051715851,0.42253974080085754,0.5465714931488037,0.5624572038650513,0.5550835132598877
144,11.377813339233398,10.928433418273926,14.37808609008789,10.814480781555176,10.621171951293945,11.465344429016113,0.5034288763999939,0.437168687582016,0.5663676261901855,0.5819026827812195,0.5695423483848572,11.746087074279785,11.532371520996094,14.745024681091309,11.521498680114746,11.27291488647461,11.994779586791992,0.48657774925231934,0.4262121617794037,0.5526449084281921,0.568946123123169,0.5604909062385559
145,11.377042770385742,10.894850730895996,14.351558685302734,10.808032989501953,10.620909690856934,11.506887435913086,0.5070312023162842,0.44056251645088196,0.5701579451560974,0.5854020118713379,0.5716978311538696,11.867018699645996,11.509947776794434,14.820917129516602,11.61691665649414,11.47944450378418,12.476847648620605,0.5093941688537598,0.4419732391834259,0.5709337592124939,0.5828570127487183,0.5643715858459473
146,11.362915992736816,10.916511535644531,14.317732810974121,10.821915626525879,10.623600006103516,11.465341567993164,0.5047425627708435,0.43851238489151,0.5674662590026855,0.5838590264320374,0.5721281170845032,11.78625202178955,11.507622718811035,14.790839195251465,11.583953857421875,11.40378475189209,12.318046569824219,0.4892767071723938,0.4229736626148224,0.5518254041671753,0.5659467577934265,0.5509186387062073
147,11.434133529663086,10.925105094909668,14.384557723999023,10.833643913269043,10.638880729675293,11.465510368347168,0.5070229172706604,0.4410252869129181,0.5687643885612488,0.5842279195785522,0.5715422630310059,11.748298645019531,11.430891036987305,14.773280143737793,11.44609546661377,11.276599884033203,12.26134204864502,0.5015439987182617,0.43372589349746704,0.5669101476669312,0.5798981189727783,0.5608869791030884
148,11.29533863067627,10.835040092468262,14.244709968566895,10.732672691345215,10.5424222946167,11.380942344665527,0.5075446367263794,0.4408821761608124,0.5711665153503418,0.5873346924781799,0.5754217505455017,11.724501609802246,11.478643417358398,14.730114936828613,11.46794319152832,11.248960494995117,12.061210632324219,0.48184794187545776,0.41972291469573975,0.5459271669387817,0.5610213279724121,0.5496341586112976
149,11.401700973510742,10.918582916259766,14.350090980529785,10.825865745544434,10.630131721496582,11.47244644165039,0.5060505270957947,0.44159117341041565,0.5688163638114929,0.5838146805763245,0.5715171098709106,11.758651733398438,11.509202003479004,14.741545677185059,11.59554672241211,11.394208908081055,12.227710723876953,0.49344953894615173,0.42572346329689026,0.555931568145752,0.5699931383132935,0.5576846599578857
150,11.33282470703125,10.81108283996582,14.178864479064941,10.761274337768555,10.592923164367676,11.459832191467285,0.503284215927124,0.43669864535331726,0.5666770339012146,0.5837645530700684,0.5748066306114197,11.811463356018066,11.476285934448242,14.829826354980469,11.54313850402832,11.373459815979004,12.348807334899902,0.5075669884681702,0.4396350085735321,0.5692487955093384,0.5819059610366821,0.5632719397544861
151,11.369736671447754,10.931314468383789,14.404497146606445,10.789985656738281,10.59095573425293,11.456296920776367,0.4975529909133911,0.43286311626434326,0.5618082880973816,0.575986385345459,0.5591609477996826,11.841314315795898,11.48667049407959,14.831232070922852,11.568360328674316,11.418201446533203,12.463793754577637,0.5130906701087952,0.44536373019218445,0.5746645331382751,0.5862215757369995,0.5640307664871216
152,11.2432279586792,10.770599365234375,14.18263053894043,10.675854682922363,10.48906421661377,11.346047401428223,0.5109650492668152,0.44357001781463623,0.573421061038971,0.5881396532058716,0.5737457275390625,11.768263816833496,11.422869682312012,14.72984504699707,11.506828308105469,11.356197357177734,12.33582592010498,0.5090838670730591,0.4413955807685852,0.5704954862594604,0.5824617743492126,0.5634401440620422
153,11.343310356140137,10.874218940734863,14.354188919067383,10.752374649047852,10.547511100769043,11.393717765808105,0.5101590156555176,0.4423759877681732,0.5744696259498596,0.5907703042030334,0.5793173313140869,11.68262767791748,11.450867652893066,14.683440208435059,11.44351863861084,11.236061096191406,12.022271156311035,0.4872027039527893,0.4240369200706482,0.5509074926376343,0.5651946663856506,0.5534449219703674
154,11.1321439743042,10.694378852844238,14.069839477539062,10.604843139648438,10.423855781555176,11.306848526000977,0.5110416412353516,0.44496235251426697,0.5719833374023438,0.5863218307495117,0.5709770917892456,11.694507598876953,11.454231262207031,14.731563568115234,11.455442428588867,11.229884147644043,12.01705551147461,0.48623430728912354,0.4221262037754059,0.551128625869751,0.5662466883659363,0.5555307865142822
155,11.306337356567383,10.832463264465332,14.363868713378906,10.699538230895996,10.495467185974121,11.331690788269043,0.5185087323188782,0.44746845960617065,0.581046462059021,0.5960500836372375,0.5826833844184875,11.760372161865234,11.437378883361816,14.72274112701416,11.510498046875,11.358707427978516,12.337652206420898,0.5086909532546997,0.4399799108505249,0.5719082355499268,0.5843027234077454,0.5655602216720581
156,11.222784042358398,10.755976676940918,14.174264907836914,10.62177562713623,10.423462867736816,11.284347534179688,0.5063310861587524,0.4408814609050751,0.5697806477546692,0.5844736695289612,0.5698912739753723,11.727399826049805,11.414642333984375,14.741912841796875,11.452046394348145,11.287959098815918,12.277257919311523,0.5051383972167969,0.4366942048072815,0.5692317485809326,0.5821152329444885,0.5629186630249023
157,11.221548080444336,10.760830879211426,14.16270637512207,10.644444465637207,10.443503379821777,11.296306610107422,0.5067043900489807,0.43922165036201477,0.5726973414421082,0.5888751149177551,0.5762134194374084,11.7308931350708,11.426226615905762,14.746466636657715,11.493072509765625,11.325177192687988,12.285224914550781,0.5056777000427246,0.43874797224998474,0.5678420066833496,0.5808706879615784,0.5629306435585022
158,11.232970237731934,10.776156425476074,14.223284721374512,10.650628089904785,10.449980735778809,11.304776191711426,0.5125516653060913,0.4449042081832886,0.5758880376815796,0.5915691256523132,0.5790254473686218,11.678515434265137,11.421303749084473,14.682294845581055,11.412054061889648,11.202184677124023,12.017011642456055,0.4945332109928131,0.431130051612854,0.5586949586868286,0.5730102062225342,0.5600127577781677
159,11.221441268920898,10.754132270812988,14.196911811828613,10.630891799926758,10.423839569091797,11.270634651184082,0.5105138421058655,0.4428636133670807,0.5755177736282349,0.5918940901756287,0.5799087285995483,11.77169132232666,11.55966567993164,14.741868019104004,11.518608093261719,11.292411804199219,12.05195426940918,0.4846758544445038,0.4247620105743408,0.5538846254348755,0.569461464881897,0.5593031644821167
160,11.344883918762207,10.887449264526367,14.392193794250488,10.756524085998535,10.556248664855957,11.383062362670898,0.5077918767929077,0.44074589014053345,0.572465181350708,0.5877465605735779,0.5752151012420654,11.751280784606934,11.402997970581055,14.734528541564941,11.456193923950195,11.306337356567383,12.306621551513672,0.5094256401062012,0.4407428205013275,0.5714201331138611,0.5830376744270325,0.562103807926178
161,11.125764846801758,10.619114875793457,13.972904205322266,10.521219253540039,10.335853576660156,11.189367294311523,0.5099713802337646,0.4411851465702057,0.5722823739051819,0.5869360566139221,0.5717750191688538,11.680473327636719,11.453510284423828,14.72028636932373,11.416044235229492,11.186639785766602,11.998985290527344,0.481991708278656,0.41495612263679504,0.5501202940940857,0.5655801892280579,0.5537394881248474
162,11.26345157623291,10.812154769897461,14.248523712158203,10.700087547302246,10.492020606994629,11.326876640319824,0.5151175856590271,0.4485871195793152,0.5773400664329529,0.5932098627090454,0.5816304087638855,11.735769271850586,11.512700080871582,14.697619438171387,11.497086524963379,11.264263153076172,12.022216796875,0.4723658859729767,0.4135088324546814,0.5353677868843079,0.5515458583831787,0.5432972311973572
163,11.27604866027832,10.844776153564453,14.347516059875488,10.696610450744629,10.500544548034668,11.366768836975098,0.5009803175926208,0.434665709733963,0.5653867125511169,0.5799584984779358,0.5642005205154419,11.699995040893555,11.48501205444336,14.712197303771973,11.429570198059082,11.179140090942383,11.938488960266113,0.4852338433265686,0.4224664270877838,0.5541415810585022,0.5703831911087036,0.560340404510498
164,11.280752182006836,10.810134887695312,14.214834213256836,10.720343589782715,10.518146514892578,11.33690071105957,0.5118669271469116,0.44197678565979004,0.5779902338981628,0.5950190424919128,0.5847609639167786,11.657835960388184,11.43351936340332,14.664185523986816,11.404609680175781,11.172889709472656,11.94292163848877,0.4846602976322174,0.42248329520225525,0.5513518452644348,0.5668651461601257,0.55668705701828
165,11.194287300109863,10.744315147399902,14.158502578735352,10.640440940856934,10.46622371673584,11.349016189575195,0.5046986937522888,0.439237117767334,0.5693239569664001,0.584359347820282,0.5698627233505249,11.669402122497559,11.443485260009766,14.68118667602539,11.430962562561035,11.20539665222168,11.975571632385254,0.4870474338531494,0.4238397181034088,0.5507992506027222,0.5659565925598145,0.5559346079826355
166,11.241975784301758,10.795475959777832,14.29792308807373,10.665735244750977,10.452969551086426,11.282586097717285,0.5178293585777283,0.4488431215286255,0.5778732299804688,0.592741072177887,0.5788065791130066,11.713906288146973,11.49692440032959,14.678031921386719,11.45607852935791,11.200469970703125,11.935123443603516,0.4757743179798126,0.4144282639026642,0.5470883846282959,0.5646244287490845,0.5575781464576721
167,11.191272735595703,10.718754768371582,14.093364715576172,10.619011878967285,10.437548637390137,11.302644729614258,0.5036783814430237,0.4372251331806183,0.5678521394729614,0.5826925039291382,0.5693068504333496,11.707134246826172,11.465818405151367,14.725604057312012,11.462536811828613,11.255828857421875,12.072813034057617,0.49830153584480286,0.4337829351425171,0.5615072846412659,0.5749632716178894,0.5613207221031189
168,11.266467094421387,10.821526527404785,14.286210060119629,10.702651977539062,10.498649597167969,11.349400520324707,0.5080042481422424,0.4400012493133545,0.5729719400405884,0.5891222357749939,0.5760030150413513,11.645125389099121,11.427010536193848,14.685189247131348,11.37395191192627,11.147138595581055,11.941725730895996,0.48214685916900635,0.4189648926258087,0.5488413572311401,0.5642784833908081,0.5530981421470642
169,11.202059745788574,10.738577842712402,14.182042121887207,10.621986389160156,10.424137115478516,11.280922889709473,0.5179674625396729,0.45007047057151794,0.5798015594482422,0.5949532389640808,0.5822871923446655,11.732666969299316,11.432743072509766,14.726158142089844,11.472092628479004,11.308503150939941,12.256855964660645,0.5075452327728271,0.4412383437156677,0.569556713104248,0.5813162922859192,0.5622341632843018
170,11.235281944274902,10.744233131408691,14.155770301818848,10.6368408203125,10.449149131774902,11.316750526428223,0.5114288926124573,0.4436590373516083,0.5736825466156006,0.5878092050552368,0.5729524493217468,11.739935874938965,11.445695877075195,14.731956481933594,11.472877502441406,11.287123680114746,12.215579986572266,0.4923272728919983,0.4243163764476776,0.5550298690795898,0.5683440566062927,0.5509095191955566
171,11.228264808654785,10.776877403259277,14.225881576538086,10.650673866271973,10.45688247680664,11.327920913696289,0.5086653828620911,0.4410839378833771,0.5732703804969788,0.5885897278785706,0.5751399993896484,11.69597053527832,11.431612014770508,14.717613220214844,11.442533493041992,11.23827075958252,12.113950729370117,0.49431928992271423,0.425407350063324,0.5599941611289978,0.5745810270309448,0.5600883364677429
172,11.241453170776367,10.775559425354004,14.246467590332031,10.633868217468262,10.419479370117188,11.248234748840332,0.5096721053123474,0.44111865758895874,0.5751779079437256,0.5911059975624084,0.5788006782531738,11.711675643920898,11.399846076965332,14.71503734588623,11.432279586791992,11.265128135681152,12.222695350646973,0.5083611607551575,0.44116032123565674,0.5707679390907288,0.5832129716873169,0.5640564560890198
173,11.138164520263672,10.69736385345459,14.148930549621582,10.57774543762207,10.37806224822998,11.228751182556152,0.5190938711166382,0.45173537731170654,0.5820358395576477,0.5970496535301208,0.5825341939926147,11.802146911621094,11.442238807678223,14.760357856750488,11.554925918579102,11.411547660827637,12.416601181030273,0.5104809999465942,0.4408275783061981,0.5706475973129272,0.5825405716896057,0.5633659958839417
174,11.138678550720215,10.65278148651123,14.066877365112305,10.522065162658691,10.334203720092773,11.201189041137695,0.5002040266990662,0.43445321917533875,0.5629648566246033,0.5778725147247314,0.5632531046867371,11.71718978881836,11.421546936035156,14.710074424743652,11.471953392028809,11.288628578186035,12.185245513916016,0.5016158223152161,0.4345638155937195,0.5643282532691956,0.5776625871658325,0.5619235634803772
175,11.166674613952637,10.72828483581543,14.185006141662598,10.586579322814941,10.380108833312988,11.21910572052002,0.5207181572914124,0.4492141902446747,0.5868554711341858,0.6026740074157715,0.5904771089553833,11.70772647857666,11.391032218933105,14.709819793701172,11.430896759033203,11.251129150390625,12.204090118408203,0.5066331028938293,0.4373641312122345,0.569857656955719,0.582841157913208,0.5641321539878845
176,11.154502868652344,10.665501594543457,14.078615188598633,10.560403823852539,10.36662483215332,11.194202423095703,0.511278510093689,0.44565051794052124,0.5752218961715698,0.5898025631904602,0.5767785310745239,11.662334442138672,11.404444694519043,14.671233177185059,11.40570068359375,11.205015182495117,12.05366039276123,0.49960362911224365,0.43406638503074646,0.5634667277336121,0.577328622341156,0.5628331899642944
177,11.169679641723633,10.703532218933105,14.1157808303833,10.572617530822754,10.372211456298828,11.239123344421387,0.5009670257568359,0.4332890510559082,0.5651960372924805,0.5813998579978943,0.5692644119262695,11.634695053100586,11.405598640441895,14.667597770690918,11.370258331298828,11.148157119750977,11.950374603271484,0.48756834864616394,0.4241317808628082,0.5541885495185852,0.5691475868225098,0.556975245475769
178,11.264238357543945,10.806293487548828,14.31006145477295,10.66533374786377,10.46418571472168,11.29560661315918,0.5156272053718567,0.4465242028236389,0.579821765422821,0.5949504971504211,0.5807541608810425,11.638569831848145,11.412260055541992,14.66108512878418,11.383946418762207,11.158225059509277,11.955472946166992,0.4899013042449951,0.4262115955352783,0.5552350282669067,0.5701858401298523,0.5577256679534912
179,11.086811065673828,10.676033973693848,14.115639686584473,10.535649299621582,10.320610046386719,11.150321960449219,0.5214336514472961,0.4531438648700714,0.5832781195640564,0.5975484251976013,0.5806735157966614,11.67149543762207,11.442724227905273,14.679675102233887,11.430161476135254,11.204216957092285,11.980775833129883,0.4827747941017151,0.41878563165664673,0.5480787754058838,0.5632748007774353,0.5524489879608154
180,11.212764739990234,10.768174171447754,14.238496780395508,10.643338203430176,10.444618225097656,11.291086196899414,0.5105504989624023,0.44323453307151794,0.5721340179443359,0.5857656002044678,0.5710679888725281,11.665675163269043,11.404273986816406,14.676108360290527,11.404541969299316,11.203527450561523,12.058287620544434,0.49847933650016785,0.4311281740665436,0.563950777053833,0.5779239535331726,0.5633742213249207
181,11.142375946044922,10.675840377807617,14.09664249420166,10.55811882019043,10.371698379516602,11.248351097106934,0.504379153251648,0.43654993176460266,0.5700007677078247,0.584872841835022,0.5708805918693542,11.748374938964844,11.557031631469727,14.716265678405762,11.51645565032959,11.262792587280273,11.941703796386719,0.46260905265808105,0.40211930871009827,0.5288171172142029,0.546557605266571,0.5427515506744385
182,11.183419227600098,10.716760635375977,14.157027244567871,10.586294174194336,10.384342193603516,11.210858345031738,0.5219719409942627,0.45175832509994507,0.5845322608947754,0.5999672412872314,0.5876898169517517,11.68067741394043,11.456847190856934,14.70516586303711,11.437735557556152,11.215892791748047,12.000748634338379,0.49455875158309937,0.43218323588371277,0.5590683221817017,0.573774516582489,0.562120795249939
183,11.136878967285156,10.672977447509766,14.119030952453613,10.536219596862793,10.32638931274414,11.164464950561523,0.5129330158233643,0.4466680884361267,0.5760296583175659,0.5911514163017273,0.5776481032371521,11.641605377197266,11.442496299743652,14.659229278564453,11.388314247131348,11.156073570251465,11.903947830200195,0.48280397057533264,0.42166978120803833,0.5494158864021301,0.5649887919425964,0.5554172396659851
184,11.138581275939941,10.698911666870117,14.134723663330078,10.552959442138672,10.344511032104492,11.182771682739258,0.5132211446762085,0.44430649280548096,0.5790271162986755,0.5946526527404785,0.5805031657218933,11.645873069763184,11.384016990661621,14.672725677490234,11.386409759521484,11.184516906738281,12.051325798034668,0.4987904131412506,0.4317159056663513,0.5635813474655151,0.5773473978042603,0.5617763996124268
185,11.159451484680176,10.693666458129883,14.120580673217773,10.56506061553955,10.36498737335205,11.211417198181152,0.5124270915985107,0.4441600441932678,0.5754963755607605,0.5902033448219299,0.5756216049194336,11.691057205200195,11.423157691955566,14.717705726623535,11.415055274963379,11.220459938049316,12.095528602600098,0.503035306930542,0.4377874433994293,0.5681381821632385,0.5815760493278503,0.5655564069747925
186,11.202542304992676,10.76542854309082,14.240950584411621,10.630415916442871,10.43130111694336,11.270423889160156,0.5171744227409363,0.44754400849342346,0.581207811832428,0.5964465737342834,0.5842516422271729,11.69773006439209,11.414667129516602,14.693547248840332,11.44566822052002,11.26254940032959,12.16396427154541,0.49978122115135193,0.4330335855484009,0.5621791481971741,0.5758322477340698,0.5603871941566467
187,11.143200874328613,10.644533157348633,14.077927589416504,10.523603439331055,10.333949089050293,11.205282211303711,0.5024846792221069,0.4368891417980194,0.5668846964836121,0.5814905762672424,0.5660919547080994,11.651829719543457,11.432182312011719,14.648284912109375,11.420966148376465,11.201807022094727,11.979913711547852,0.48887279629707336,0.4255424439907074,0.552541196346283,0.5672112703323364,0.5560193061828613
188,11.18605899810791,10.73208999633789,14.155539512634277,10.60634994506836,10.3958101272583,11.223713874816895,0.51713627576828,0.44772666692733765,0.578916609287262,0.5946678519248962,0.5817750692367554,11.667200088500977,11.454018592834473,14.688620567321777,11.422558784484863,11.197319030761719,11.992594718933105,0.48135122656822205,0.418778657913208,0.5468718409538269,0.5625576376914978,0.5515117049217224
189,11.177789688110352,10.692496299743652,14.16478443145752,10.563974380493164,10.368487358093262,11.212019920349121,0.51433265209198,0.44560039043426514,0.5799522995948792,0.5954106450080872,0.5820481777191162,11.690984725952148,11.412898063659668,14.692144393920898,11.434821128845215,11.24266529083252,12.119650840759277,0.501847505569458,0.4352756142616272,0.5655909180641174,0.5789511203765869,0.5633054971694946
190,11.166677474975586,10.709783554077148,14.157390594482422,10.565375328063965,10.380636215209961,11.259842872619629,0.502633810043335,0.4359356760978699,0.5678842067718506,0.5824833512306213,0.5702103972434998,11.637292861938477,11.416773796081543,14.65506362915039,11.37775707244873,11.149214744567871,11.924657821655273,0.4904739260673523,0.4267067015171051,0.5576517581939697,0.5731223225593567,0.5622596740722656
191,11.113337516784668,10.665468215942383,14.1320219039917,10.52592658996582,10.307364463806152,11.14745044708252,0.5209649801254272,0.4507391154766083,0.5863099694252014,0.6019611954689026,0.5850316286087036,11.648597717285156,11.386683464050293,14.671990394592285,11.364740371704102,11.162632942199707,12.038763046264648,0.4933261573314667,0.42853081226348877,0.5577554106712341,0.5715928077697754,0.5556994080543518
192,11.150304794311523,10.673720359802246,14.096223831176758,10.554503440856934,10.358649253845215,11.208788871765137,0.5127545595169067,0.4450376033782959,0.5761525630950928,0.5903011560440063,0.575828492641449,11.638433456420898,11.430621147155762,14.650518417358398,11.387288093566895,11.159073829650879,11.91051197052002,0.48466628789901733,0.4222990572452545,0.5504679083824158,0.5659329891204834,0.5563311576843262
